-- phpMyAdmin SQL Dump
-- version 5.2.1
-- https://www.phpmyadmin.net/
--
-- Host: localhost
-- Generation Time: Mar 08, 2024 at 11:18 AM
-- Server version: 10.4.28-MariaDB
-- PHP Version: 8.2.4

SET SQL_MODE = "NO_AUTO_VALUE_ON_ZERO";
START TRANSACTION;
SET time_zone = "+00:00";


/*!40101 SET @OLD_CHARACTER_SET_CLIENT=@@CHARACTER_SET_CLIENT */;
/*!40101 SET @OLD_CHARACTER_SET_RESULTS=@@CHARACTER_SET_RESULTS */;
/*!40101 SET @OLD_COLLATION_CONNECTION=@@COLLATION_CONNECTION */;
/*!40101 SET NAMES utf8mb4 */;

--
-- Database: `cafeteria`
--
CREATE DATABASE IF NOT EXISTS `cafeteria` DEFAULT CHARACTER SET utf8mb4 COLLATE utf8mb4_general_ci;
USE `cafeteria`;

-- --------------------------------------------------------

--
-- Table structure for table `admins`
--

CREATE TABLE `admins` (
  `id` int(10) UNSIGNED NOT NULL,
  `username` varchar(50) NOT NULL,
  `email` varchar(100) NOT NULL,
  `password` varchar(255) NOT NULL,
  `profile_picture` varchar(255) DEFAULT NULL,
  `created_at` timestamp NOT NULL DEFAULT current_timestamp()
) ENGINE=InnoDB DEFAULT CHARSET=utf8mb4 COLLATE=utf8mb4_general_ci;

--
-- Dumping data for table `admins`
--

INSERT INTO `admins` (`id`, `username`, `email`, `password`, `profile_picture`, `created_at`) VALUES
(1, 'admin1', 'admin1@gmail.com', '123456', 'user.png', '2024-03-08 10:16:35'),
(2, 'admin2', 'admin2@gmail.com', '123456', 'user.png', '2024-03-08 10:16:35');

-- --------------------------------------------------------

--
-- Table structure for table `categories`
--

CREATE TABLE `categories` (
  `id` int(10) UNSIGNED NOT NULL,
  `category_name` varchar(50) NOT NULL,
  `category_description` text DEFAULT NULL,
  `created_at` timestamp NOT NULL DEFAULT current_timestamp()
) ENGINE=InnoDB DEFAULT CHARSET=utf8mb4 COLLATE=utf8mb4_general_ci;

--
-- Dumping data for table `categories`
--

INSERT INTO `categories` (`id`, `category_name`, `category_description`, `created_at`) VALUES
(1, 'Drinks', 'Various beverages', '2024-03-08 10:16:35'),
(2, 'Snacks', 'Quick bites', '2024-03-08 10:16:35'),
(3, 'Desserts', 'Sweet treats', '2024-03-08 10:16:35');

-- --------------------------------------------------------

--
-- Table structure for table `notifications`
--

CREATE TABLE `notifications` (
  `id` int(10) UNSIGNED NOT NULL,
  `type` varchar(50) NOT NULL,
  `notifiable_id` int(10) UNSIGNED NOT NULL,
  `notifiable_type` varchar(50) NOT NULL,
  `data` text NOT NULL,
  `read_at` timestamp NULL DEFAULT NULL,
  `created_at` timestamp NOT NULL DEFAULT current_timestamp()
) ENGINE=InnoDB DEFAULT CHARSET=utf8mb4 COLLATE=utf8mb4_general_ci;

--
-- Dumping data for table `notifications`
--

INSERT INTO `notifications` (`id`, `type`, `notifiable_id`, `notifiable_type`, `data`, `read_at`, `created_at`) VALUES
(1, 'OrderStatus', 1, 'orders', '{\"status\": \"Done\"}', '2024-03-08 10:00:00', '2024-03-08 10:16:36'),
(2, 'OrderStatus', 2, 'orders', '{\"status\": \"Processing\"}', NULL, '2024-03-08 10:16:36');

-- --------------------------------------------------------

--
-- Table structure for table `orders`
--

CREATE TABLE `orders` (
  `id` int(10) UNSIGNED NOT NULL,
  `user_id` int(10) UNSIGNED NOT NULL,
  `total_price` float NOT NULL,
  `tax` float NOT NULL DEFAULT 0.1,
  `total_price_after_tax` float NOT NULL,
  `status` enum('Processing','Out For Delivery','Done','Cancelled') DEFAULT 'Processing',
  `notes` text DEFAULT NULL,
  `room_number` varchar(100) NOT NULL,
  `order_date` timestamp NOT NULL DEFAULT current_timestamp()
) ENGINE=InnoDB DEFAULT CHARSET=utf8mb4 COLLATE=utf8mb4_general_ci;

--
-- Dumping data for table `orders`
--

INSERT INTO `orders` (`id`, `user_id`, `total_price`, `tax`, `total_price_after_tax`, `status`, `notes`, `room_number`, `order_date`) VALUES
(1, 1, 8, 0.1, 8.8, 'Done', 'Special instructions for the order', '101', '2024-03-08 10:16:35'),
(2, 2, 3.5, 0.1, 3.85, 'Processing', NULL, '202', '2024-03-08 10:16:35');

-- --------------------------------------------------------

--
-- Table structure for table `order_items`
--

CREATE TABLE `order_items` (
  `id` int(10) UNSIGNED NOT NULL,
  `order_id` int(10) UNSIGNED NOT NULL,
  `product_id` int(10) UNSIGNED NOT NULL,
  `product_price` float NOT NULL,
  `quantity` int(11) NOT NULL DEFAULT 1,
  `total_price` float NOT NULL,
  `created_at` timestamp NOT NULL DEFAULT current_timestamp()
) ENGINE=InnoDB DEFAULT CHARSET=utf8mb4 COLLATE=utf8mb4_general_ci;

--
-- Dumping data for table `order_items`
--

INSERT INTO `order_items` (`id`, `order_id`, `product_id`, `product_price`, `quantity`, `total_price`, `created_at`) VALUES
(1, 1, 1, 2.5, 2, 5, '2024-03-08 10:16:36'),
(2, 1, 2, 1.5, 1, 1.5, '2024-03-08 10:16:36'),
(3, 2, 3, 5, 1, 5, '2024-03-08 10:16:36');

-- --------------------------------------------------------

--
-- Table structure for table `products`
--

CREATE TABLE `products` (
  `id` int(10) UNSIGNED NOT NULL,
  `name` varchar(50) NOT NULL,
  `description` text DEFAULT NULL,
  `price` float NOT NULL,
  `picture` varchar(255) NOT NULL,
  `category_id` int(10) UNSIGNED NOT NULL,
  `status` enum('Available','Not Available') DEFAULT 'Available',
  `created_at` timestamp NOT NULL DEFAULT current_timestamp()
) ENGINE=InnoDB DEFAULT CHARSET=utf8mb4 COLLATE=utf8mb4_general_ci;

--
-- Dumping data for table `products`
--

INSERT INTO `products` (`id`, `name`, `description`, `price`, `picture`, `category_id`, `status`, `created_at`) VALUES
(1, 'Cola', 'Refreshing soda', 2.5, 'default.png', 1, 'Available', '2024-03-08 10:16:35'),
(2, 'Chips', 'Crunchy potato chips', 1.5, 'default.png', 2, 'Available', '2024-03-08 10:16:35'),
(3, 'Chocolate Cake', 'Rich and moist cake', 5, 'default.png', 3, 'Available', '2024-03-08 10:16:35');

-- --------------------------------------------------------

--
-- Table structure for table `users`
--

CREATE TABLE `users` (
  `id` int(10) UNSIGNED NOT NULL,
  `username` varchar(50) NOT NULL,
  `email` varchar(100) NOT NULL,
  `password` varchar(255) NOT NULL,
  `room_number` varchar(100) NOT NULL,
  `extra_data` varchar(255) DEFAULT NULL,
  `profile_picture` varchar(255) DEFAULT NULL,
  `created_at` timestamp NOT NULL DEFAULT current_timestamp()
) ENGINE=InnoDB DEFAULT CHARSET=utf8mb4 COLLATE=utf8mb4_general_ci;

--
-- Dumping data for table `users`
--

INSERT INTO `users` (`id`, `username`, `email`, `password`, `room_number`, `extra_data`, `profile_picture`, `created_at`) VALUES
(1, 'john_doe', 'user1@gmail.com', '123456', '101', 'Some extra data', 'user.png', '2024-03-08 10:16:35'),
(2, 'jane_smith', 'user2@gmail.com', '123456', '202', 'Additional info', 'user.png', '2024-03-08 10:16:35');

--
-- Indexes for dumped tables
--

--
-- Indexes for table `admins`
--
ALTER TABLE `admins`
  ADD PRIMARY KEY (`id`),
  ADD UNIQUE KEY `email` (`email`),
  ADD KEY `idx_admins_email` (`email`);

--
-- Indexes for table `categories`
--
ALTER TABLE `categories`
  ADD PRIMARY KEY (`id`);

--
-- Indexes for table `notifications`
--
ALTER TABLE `notifications`
  ADD PRIMARY KEY (`id`),
  ADD KEY `notifiable_id` (`notifiable_id`,`notifiable_type`);

--
-- Indexes for table `orders`
--
ALTER TABLE `orders`
  ADD PRIMARY KEY (`id`),
  ADD KEY `user_id` (`user_id`);

--
-- Indexes for table `order_items`
--
ALTER TABLE `order_items`
  ADD PRIMARY KEY (`id`),
  ADD UNIQUE KEY `order_id` (`order_id`,`product_id`),
  ADD KEY `product_id` (`product_id`);

--
-- Indexes for table `products`
--
ALTER TABLE `products`
  ADD PRIMARY KEY (`id`),
  ADD KEY `category_id` (`category_id`);

--
-- Indexes for table `users`
--
ALTER TABLE `users`
  ADD PRIMARY KEY (`id`),
  ADD UNIQUE KEY `email` (`email`),
  ADD KEY `idx_users_email` (`email`);

--
-- AUTO_INCREMENT for dumped tables
--

--
-- AUTO_INCREMENT for table `admins`
--
ALTER TABLE `admins`
  MODIFY `id` int(10) UNSIGNED NOT NULL AUTO_INCREMENT, AUTO_INCREMENT=3;

--
-- AUTO_INCREMENT for table `categories`
--
ALTER TABLE `categories`
  MODIFY `id` int(10) UNSIGNED NOT NULL AUTO_INCREMENT, AUTO_INCREMENT=4;

--
-- AUTO_INCREMENT for table `notifications`
--
ALTER TABLE `notifications`
  MODIFY `id` int(10) UNSIGNED NOT NULL AUTO_INCREMENT, AUTO_INCREMENT=3;

--
-- AUTO_INCREMENT for table `orders`
--
ALTER TABLE `orders`
  MODIFY `id` int(10) UNSIGNED NOT NULL AUTO_INCREMENT, AUTO_INCREMENT=3;

--
-- AUTO_INCREMENT for table `order_items`
--
ALTER TABLE `order_items`
  MODIFY `id` int(10) UNSIGNED NOT NULL AUTO_INCREMENT, AUTO_INCREMENT=4;

--
-- AUTO_INCREMENT for table `products`
--
ALTER TABLE `products`
  MODIFY `id` int(10) UNSIGNED NOT NULL AUTO_INCREMENT, AUTO_INCREMENT=4;

--
-- AUTO_INCREMENT for table `users`
--
ALTER TABLE `users`
  MODIFY `id` int(10) UNSIGNED NOT NULL AUTO_INCREMENT, AUTO_INCREMENT=3;

--
-- Constraints for dumped tables
--

--
-- Constraints for table `notifications`
--
ALTER TABLE `notifications`
  ADD CONSTRAINT `notifications_ibfk_1` FOREIGN KEY (`notifiable_id`) REFERENCES `orders` (`id`);

--
-- Constraints for table `orders`
--
ALTER TABLE `orders`
  ADD CONSTRAINT `orders_ibfk_1` FOREIGN KEY (`user_id`) REFERENCES `users` (`id`);

--
-- Constraints for table `order_items`
--
ALTER TABLE `order_items`
  ADD CONSTRAINT `order_items_ibfk_1` FOREIGN KEY (`order_id`) REFERENCES `orders` (`id`),
  ADD CONSTRAINT `order_items_ibfk_2` FOREIGN KEY (`product_id`) REFERENCES `products` (`id`);

--
-- Constraints for table `products`
--
ALTER TABLE `products`
  ADD CONSTRAINT `products_ibfk_1` FOREIGN KEY (`category_id`) REFERENCES `categories` (`id`) ON DELETE CASCADE;
--
-- Database: `iti`
--
CREATE DATABASE IF NOT EXISTS `iti` DEFAULT CHARACTER SET utf8mb4 COLLATE utf8mb4_general_ci;
USE `iti`;

-- --------------------------------------------------------

--
-- Table structure for table `students`
--

CREATE TABLE `students` (
  `id` int(11) NOT NULL,
  `first_name` varchar(255) NOT NULL,
  `last_name` varchar(255) NOT NULL,
  `address` varchar(255) DEFAULT NULL,
  `country` varchar(255) DEFAULT NULL,
  `gender` enum('male','female') NOT NULL,
  `username` varchar(255) NOT NULL,
  `password` varchar(255) NOT NULL,
  `image` varchar(255) DEFAULT NULL,
  `skills` text DEFAULT NULL,
  `department` varchar(50) DEFAULT NULL
) ENGINE=InnoDB DEFAULT CHARSET=utf8mb4 COLLATE=utf8mb4_general_ci;

--
-- Dumping data for table `students`
--

INSERT INTO `students` (`id`, `first_name`, `last_name`, `address`, `country`, `gender`, `username`, `password`, `image`, `skills`, `department`) VALUES
(6, 'sss', 'sssa', 'ssss', 'Egypt', 'male', 'monaali', '1234', 'uploads/1.jpg', 'PHP,CSS,Java', 'Open Source'),
(8, 'Declan', 'Cash', 'Doloremque', 'Choose...', 'female', 'javyfitugu', 'Pa$$w0rd!', NULL, 'CSS,Java', 'Open Source'),
(10, 'Chloe', 'Steele', 'Esse exercitationem', 'Choose...', 'female', 'gacuxyse', 'Pa$$w0rd!', 'uploads/1.jpg', 'PHP', 'Open Source');

--
-- Indexes for dumped tables
--

--
-- Indexes for table `students`
--
ALTER TABLE `students`
  ADD PRIMARY KEY (`id`),
  ADD UNIQUE KEY `username` (`username`);

--
-- AUTO_INCREMENT for dumped tables
--

--
-- AUTO_INCREMENT for table `students`
--
ALTER TABLE `students`
  MODIFY `id` int(11) NOT NULL AUTO_INCREMENT, AUTO_INCREMENT=11;
--
-- Database: `photo`
--
CREATE DATABASE IF NOT EXISTS `photo` DEFAULT CHARACTER SET utf8mb4 COLLATE utf8mb4_general_ci;
USE `photo`;

-- --------------------------------------------------------

--
-- Table structure for table `items`
--

CREATE TABLE `items` (
  `id` int(11) NOT NULL,
  `name` varchar(255) NOT NULL,
  `description` text DEFAULT NULL,
  `identity` varchar(225) NOT NULL,
  `image` varchar(225) NOT NULL
) ENGINE=InnoDB DEFAULT CHARSET=utf8mb4 COLLATE=utf8mb4_general_ci;

--
-- Dumping data for table `items`
--

INSERT INTO `items` (`id`, `name`, `description`, `identity`, `image`) VALUES
(28, 'Photo 1', 'Description for Book 11111', 'Identity1', 'images/Daffodil.jpg'),
(29, 'Photo 2', 'Description for Book 2', 'Identity2', 'images/Iris.jpg'),
(30, 'Photo 3', 'Description for Book 3', 'Identity3', 'images/Jade vine.jpg'),
(31, 'Photo 4', 'Description for Book 4', 'Identity4', 'images/jasmine.jpg'),
(32, 'Photo 5', 'Description for Book 5', 'Identity5', 'images/lavender.jpg'),
(33, 'Photo 6', 'Description for Book 6', 'Identity6', 'images/Tulip.jpg'),
(34, 'Photo 7', 'Description for Book 7', 'Identity7', 'images/Poppy.jpg'),
(35, 'Photo 8', 'Description for Book 8', 'Identity8', 'images/RosaAcicularis.jpg'),
(36, 'Photo 9', 'Description for Book 9', 'Identity9', 'images/sunflower.jpg'),
(37, 'Photo 10', 'Description for Book 10', 'Identity10', 'images/Tulip.jpg');

--
-- Indexes for dumped tables
--

--
-- Indexes for table `items`
--
ALTER TABLE `items`
  ADD PRIMARY KEY (`id`);

--
-- AUTO_INCREMENT for dumped tables
--

--
-- AUTO_INCREMENT for table `items`
--
ALTER TABLE `items`
  MODIFY `id` int(11) NOT NULL AUTO_INCREMENT, AUTO_INCREMENT=38;
--
-- Database: `phpmyadmin`
--
CREATE DATABASE IF NOT EXISTS `phpmyadmin` DEFAULT CHARACTER SET utf8 COLLATE utf8_bin;
USE `phpmyadmin`;

-- --------------------------------------------------------

--
-- Table structure for table `pma__bookmark`
--

CREATE TABLE `pma__bookmark` (
  `id` int(11) NOT NULL,
  `dbase` varchar(255) NOT NULL DEFAULT '',
  `user` varchar(255) NOT NULL DEFAULT '',
  `label` varchar(255) CHARACTER SET utf8 COLLATE utf8_general_ci NOT NULL DEFAULT '',
  `query` text NOT NULL
) ENGINE=InnoDB DEFAULT CHARSET=utf8 COLLATE=utf8_bin COMMENT='Bookmarks';

-- --------------------------------------------------------

--
-- Table structure for table `pma__central_columns`
--

CREATE TABLE `pma__central_columns` (
  `db_name` varchar(64) NOT NULL,
  `col_name` varchar(64) NOT NULL,
  `col_type` varchar(64) NOT NULL,
  `col_length` text DEFAULT NULL,
  `col_collation` varchar(64) NOT NULL,
  `col_isNull` tinyint(1) NOT NULL,
  `col_extra` varchar(255) DEFAULT '',
  `col_default` text DEFAULT NULL
) ENGINE=InnoDB DEFAULT CHARSET=utf8 COLLATE=utf8_bin COMMENT='Central list of columns';

-- --------------------------------------------------------

--
-- Table structure for table `pma__column_info`
--

CREATE TABLE `pma__column_info` (
  `id` int(5) UNSIGNED NOT NULL,
  `db_name` varchar(64) NOT NULL DEFAULT '',
  `table_name` varchar(64) NOT NULL DEFAULT '',
  `column_name` varchar(64) NOT NULL DEFAULT '',
  `comment` varchar(255) CHARACTER SET utf8 COLLATE utf8_general_ci NOT NULL DEFAULT '',
  `mimetype` varchar(255) CHARACTER SET utf8 COLLATE utf8_general_ci NOT NULL DEFAULT '',
  `transformation` varchar(255) NOT NULL DEFAULT '',
  `transformation_options` varchar(255) NOT NULL DEFAULT '',
  `input_transformation` varchar(255) NOT NULL DEFAULT '',
  `input_transformation_options` varchar(255) NOT NULL DEFAULT ''
) ENGINE=InnoDB DEFAULT CHARSET=utf8 COLLATE=utf8_bin COMMENT='Column information for phpMyAdmin';

-- --------------------------------------------------------

--
-- Table structure for table `pma__designer_settings`
--

CREATE TABLE `pma__designer_settings` (
  `username` varchar(64) NOT NULL,
  `settings_data` text NOT NULL
) ENGINE=InnoDB DEFAULT CHARSET=utf8 COLLATE=utf8_bin COMMENT='Settings related to Designer';

-- --------------------------------------------------------

--
-- Table structure for table `pma__export_templates`
--

CREATE TABLE `pma__export_templates` (
  `id` int(5) UNSIGNED NOT NULL,
  `username` varchar(64) NOT NULL,
  `export_type` varchar(10) NOT NULL,
  `template_name` varchar(64) NOT NULL,
  `template_data` text NOT NULL
) ENGINE=InnoDB DEFAULT CHARSET=utf8 COLLATE=utf8_bin COMMENT='Saved export templates';

-- --------------------------------------------------------

--
-- Table structure for table `pma__favorite`
--

CREATE TABLE `pma__favorite` (
  `username` varchar(64) NOT NULL,
  `tables` text NOT NULL
) ENGINE=InnoDB DEFAULT CHARSET=utf8 COLLATE=utf8_bin COMMENT='Favorite tables';

-- --------------------------------------------------------

--
-- Table structure for table `pma__history`
--

CREATE TABLE `pma__history` (
  `id` bigint(20) UNSIGNED NOT NULL,
  `username` varchar(64) NOT NULL DEFAULT '',
  `db` varchar(64) NOT NULL DEFAULT '',
  `table` varchar(64) NOT NULL DEFAULT '',
  `timevalue` timestamp NOT NULL DEFAULT current_timestamp(),
  `sqlquery` text NOT NULL
) ENGINE=InnoDB DEFAULT CHARSET=utf8 COLLATE=utf8_bin COMMENT='SQL history for phpMyAdmin';

-- --------------------------------------------------------

--
-- Table structure for table `pma__navigationhiding`
--

CREATE TABLE `pma__navigationhiding` (
  `username` varchar(64) NOT NULL,
  `item_name` varchar(64) NOT NULL,
  `item_type` varchar(64) NOT NULL,
  `db_name` varchar(64) NOT NULL,
  `table_name` varchar(64) NOT NULL
) ENGINE=InnoDB DEFAULT CHARSET=utf8 COLLATE=utf8_bin COMMENT='Hidden items of navigation tree';

-- --------------------------------------------------------

--
-- Table structure for table `pma__pdf_pages`
--

CREATE TABLE `pma__pdf_pages` (
  `db_name` varchar(64) NOT NULL DEFAULT '',
  `page_nr` int(10) UNSIGNED NOT NULL,
  `page_descr` varchar(50) CHARACTER SET utf8 COLLATE utf8_general_ci NOT NULL DEFAULT ''
) ENGINE=InnoDB DEFAULT CHARSET=utf8 COLLATE=utf8_bin COMMENT='PDF relation pages for phpMyAdmin';

-- --------------------------------------------------------

--
-- Table structure for table `pma__recent`
--

CREATE TABLE `pma__recent` (
  `username` varchar(64) NOT NULL,
  `tables` text NOT NULL
) ENGINE=InnoDB DEFAULT CHARSET=utf8 COLLATE=utf8_bin COMMENT='Recently accessed tables';

--
-- Dumping data for table `pma__recent`
--

INSERT INTO `pma__recent` (`username`, `tables`) VALUES
('root', '[{\"db\":\"cafeteria\",\"table\":\"cart_items\"},{\"db\":\"cafeteria\",\"table\":\"carts\"},{\"db\":\"cafeteria\",\"table\":\"orders\"},{\"db\":\"cafeteria\",\"table\":\"products\"},{\"db\":\"cafeteria\",\"table\":\"admins\"},{\"db\":\"Cafeteria\",\"table\":\"users\"},{\"db\":\"Cafeteria\",\"table\":\"orders\"},{\"db\":\"Cafeteria\",\"table\":\"cart_items\"},{\"db\":\"Cafeteria\",\"table\":\"carts\"},{\"db\":\"Cafeteria\",\"table\":\"products\"}]');

-- --------------------------------------------------------

--
-- Table structure for table `pma__relation`
--

CREATE TABLE `pma__relation` (
  `master_db` varchar(64) NOT NULL DEFAULT '',
  `master_table` varchar(64) NOT NULL DEFAULT '',
  `master_field` varchar(64) NOT NULL DEFAULT '',
  `foreign_db` varchar(64) NOT NULL DEFAULT '',
  `foreign_table` varchar(64) NOT NULL DEFAULT '',
  `foreign_field` varchar(64) NOT NULL DEFAULT ''
) ENGINE=InnoDB DEFAULT CHARSET=utf8 COLLATE=utf8_bin COMMENT='Relation table';

-- --------------------------------------------------------

--
-- Table structure for table `pma__savedsearches`
--

CREATE TABLE `pma__savedsearches` (
  `id` int(5) UNSIGNED NOT NULL,
  `username` varchar(64) NOT NULL DEFAULT '',
  `db_name` varchar(64) NOT NULL DEFAULT '',
  `search_name` varchar(64) NOT NULL DEFAULT '',
  `search_data` text NOT NULL
) ENGINE=InnoDB DEFAULT CHARSET=utf8 COLLATE=utf8_bin COMMENT='Saved searches';

-- --------------------------------------------------------

--
-- Table structure for table `pma__table_coords`
--

CREATE TABLE `pma__table_coords` (
  `db_name` varchar(64) NOT NULL DEFAULT '',
  `table_name` varchar(64) NOT NULL DEFAULT '',
  `pdf_page_number` int(11) NOT NULL DEFAULT 0,
  `x` float UNSIGNED NOT NULL DEFAULT 0,
  `y` float UNSIGNED NOT NULL DEFAULT 0
) ENGINE=InnoDB DEFAULT CHARSET=utf8 COLLATE=utf8_bin COMMENT='Table coordinates for phpMyAdmin PDF output';

-- --------------------------------------------------------

--
-- Table structure for table `pma__table_info`
--

CREATE TABLE `pma__table_info` (
  `db_name` varchar(64) NOT NULL DEFAULT '',
  `table_name` varchar(64) NOT NULL DEFAULT '',
  `display_field` varchar(64) NOT NULL DEFAULT ''
) ENGINE=InnoDB DEFAULT CHARSET=utf8 COLLATE=utf8_bin COMMENT='Table information for phpMyAdmin';

-- --------------------------------------------------------

--
-- Table structure for table `pma__table_uiprefs`
--

CREATE TABLE `pma__table_uiprefs` (
  `username` varchar(64) NOT NULL,
  `db_name` varchar(64) NOT NULL,
  `table_name` varchar(64) NOT NULL,
  `prefs` text NOT NULL,
  `last_update` timestamp NOT NULL DEFAULT current_timestamp() ON UPDATE current_timestamp()
) ENGINE=InnoDB DEFAULT CHARSET=utf8 COLLATE=utf8_bin COMMENT='Tables'' UI preferences';

-- --------------------------------------------------------

--
-- Table structure for table `pma__tracking`
--

CREATE TABLE `pma__tracking` (
  `db_name` varchar(64) NOT NULL,
  `table_name` varchar(64) NOT NULL,
  `version` int(10) UNSIGNED NOT NULL,
  `date_created` datetime NOT NULL,
  `date_updated` datetime NOT NULL,
  `schema_snapshot` text NOT NULL,
  `schema_sql` text DEFAULT NULL,
  `data_sql` longtext DEFAULT NULL,
  `tracking` set('UPDATE','REPLACE','INSERT','DELETE','TRUNCATE','CREATE DATABASE','ALTER DATABASE','DROP DATABASE','CREATE TABLE','ALTER TABLE','RENAME TABLE','DROP TABLE','CREATE INDEX','DROP INDEX','CREATE VIEW','ALTER VIEW','DROP VIEW') DEFAULT NULL,
  `tracking_active` int(1) UNSIGNED NOT NULL DEFAULT 1
) ENGINE=InnoDB DEFAULT CHARSET=utf8 COLLATE=utf8_bin COMMENT='Database changes tracking for phpMyAdmin';

-- --------------------------------------------------------

--
-- Table structure for table `pma__userconfig`
--

CREATE TABLE `pma__userconfig` (
  `username` varchar(64) NOT NULL,
  `timevalue` timestamp NOT NULL DEFAULT current_timestamp() ON UPDATE current_timestamp(),
  `config_data` text NOT NULL
) ENGINE=InnoDB DEFAULT CHARSET=utf8 COLLATE=utf8_bin COMMENT='User preferences storage for phpMyAdmin';

--
-- Dumping data for table `pma__userconfig`
--

INSERT INTO `pma__userconfig` (`username`, `timevalue`, `config_data`) VALUES
('root', '2024-03-08 10:00:54', '{\"Console\\/Mode\":\"collapse\"}');

-- --------------------------------------------------------

--
-- Table structure for table `pma__usergroups`
--

CREATE TABLE `pma__usergroups` (
  `usergroup` varchar(64) NOT NULL,
  `tab` varchar(64) NOT NULL,
  `allowed` enum('Y','N') NOT NULL DEFAULT 'N'
) ENGINE=InnoDB DEFAULT CHARSET=utf8 COLLATE=utf8_bin COMMENT='User groups with configured menu items';

-- --------------------------------------------------------

--
-- Table structure for table `pma__users`
--

CREATE TABLE `pma__users` (
  `username` varchar(64) NOT NULL,
  `usergroup` varchar(64) NOT NULL
) ENGINE=InnoDB DEFAULT CHARSET=utf8 COLLATE=utf8_bin COMMENT='Users and their assignments to user groups';

--
-- Indexes for dumped tables
--

--
-- Indexes for table `pma__bookmark`
--
ALTER TABLE `pma__bookmark`
  ADD PRIMARY KEY (`id`);

--
-- Indexes for table `pma__central_columns`
--
ALTER TABLE `pma__central_columns`
  ADD PRIMARY KEY (`db_name`,`col_name`);

--
-- Indexes for table `pma__column_info`
--
ALTER TABLE `pma__column_info`
  ADD PRIMARY KEY (`id`),
  ADD UNIQUE KEY `db_name` (`db_name`,`table_name`,`column_name`);

--
-- Indexes for table `pma__designer_settings`
--
ALTER TABLE `pma__designer_settings`
  ADD PRIMARY KEY (`username`);

--
-- Indexes for table `pma__export_templates`
--
ALTER TABLE `pma__export_templates`
  ADD PRIMARY KEY (`id`),
  ADD UNIQUE KEY `u_user_type_template` (`username`,`export_type`,`template_name`);

--
-- Indexes for table `pma__favorite`
--
ALTER TABLE `pma__favorite`
  ADD PRIMARY KEY (`username`);

--
-- Indexes for table `pma__history`
--
ALTER TABLE `pma__history`
  ADD PRIMARY KEY (`id`),
  ADD KEY `username` (`username`,`db`,`table`,`timevalue`);

--
-- Indexes for table `pma__navigationhiding`
--
ALTER TABLE `pma__navigationhiding`
  ADD PRIMARY KEY (`username`,`item_name`,`item_type`,`db_name`,`table_name`);

--
-- Indexes for table `pma__pdf_pages`
--
ALTER TABLE `pma__pdf_pages`
  ADD PRIMARY KEY (`page_nr`),
  ADD KEY `db_name` (`db_name`);

--
-- Indexes for table `pma__recent`
--
ALTER TABLE `pma__recent`
  ADD PRIMARY KEY (`username`);

--
-- Indexes for table `pma__relation`
--
ALTER TABLE `pma__relation`
  ADD PRIMARY KEY (`master_db`,`master_table`,`master_field`),
  ADD KEY `foreign_field` (`foreign_db`,`foreign_table`);

--
-- Indexes for table `pma__savedsearches`
--
ALTER TABLE `pma__savedsearches`
  ADD PRIMARY KEY (`id`),
  ADD UNIQUE KEY `u_savedsearches_username_dbname` (`username`,`db_name`,`search_name`);

--
-- Indexes for table `pma__table_coords`
--
ALTER TABLE `pma__table_coords`
  ADD PRIMARY KEY (`db_name`,`table_name`,`pdf_page_number`);

--
-- Indexes for table `pma__table_info`
--
ALTER TABLE `pma__table_info`
  ADD PRIMARY KEY (`db_name`,`table_name`);

--
-- Indexes for table `pma__table_uiprefs`
--
ALTER TABLE `pma__table_uiprefs`
  ADD PRIMARY KEY (`username`,`db_name`,`table_name`);

--
-- Indexes for table `pma__tracking`
--
ALTER TABLE `pma__tracking`
  ADD PRIMARY KEY (`db_name`,`table_name`,`version`);

--
-- Indexes for table `pma__userconfig`
--
ALTER TABLE `pma__userconfig`
  ADD PRIMARY KEY (`username`);

--
-- Indexes for table `pma__usergroups`
--
ALTER TABLE `pma__usergroups`
  ADD PRIMARY KEY (`usergroup`,`tab`,`allowed`);

--
-- Indexes for table `pma__users`
--
ALTER TABLE `pma__users`
  ADD PRIMARY KEY (`username`,`usergroup`);

--
-- AUTO_INCREMENT for dumped tables
--

--
-- AUTO_INCREMENT for table `pma__bookmark`
--
ALTER TABLE `pma__bookmark`
  MODIFY `id` int(11) NOT NULL AUTO_INCREMENT;

--
-- AUTO_INCREMENT for table `pma__column_info`
--
ALTER TABLE `pma__column_info`
  MODIFY `id` int(5) UNSIGNED NOT NULL AUTO_INCREMENT;

--
-- AUTO_INCREMENT for table `pma__export_templates`
--
ALTER TABLE `pma__export_templates`
  MODIFY `id` int(5) UNSIGNED NOT NULL AUTO_INCREMENT;

--
-- AUTO_INCREMENT for table `pma__history`
--
ALTER TABLE `pma__history`
  MODIFY `id` bigint(20) UNSIGNED NOT NULL AUTO_INCREMENT;

--
-- AUTO_INCREMENT for table `pma__pdf_pages`
--
ALTER TABLE `pma__pdf_pages`
  MODIFY `page_nr` int(10) UNSIGNED NOT NULL AUTO_INCREMENT;

--
-- AUTO_INCREMENT for table `pma__savedsearches`
--
ALTER TABLE `pma__savedsearches`
  MODIFY `id` int(5) UNSIGNED NOT NULL AUTO_INCREMENT;
--
-- Database: `studentsDB`
--
CREATE DATABASE IF NOT EXISTS `studentsDB` DEFAULT CHARACTER SET utf8mb4 COLLATE utf8mb4_general_ci;
USE `studentsDB`;

-- --------------------------------------------------------

--
-- Table structure for table `students`
--

CREATE TABLE `students` (
  `id` int(11) NOT NULL,
  `name` varchar(255) NOT NULL,
  `description` text DEFAULT NULL,
  `identity` varchar(225) NOT NULL,
  `image` varchar(225) NOT NULL
) ENGINE=InnoDB DEFAULT CHARSET=utf8mb4 COLLATE=utf8mb4_general_ci;

--
-- Dumping data for table `students`
--

INSERT INTO `students` (`id`, `name`, `description`, `identity`, `image`) VALUES
(30, 'Student 3', 'Description for Student 3', '12234567891234', 'images/Jade vine.jpg'),
(31, 'Student 4', 'Description for Student 4', '12234567891234', 'images/jasmine.jpg'),
(32, 'Student 5', 'Description for Student 5', '12234567891234', 'images/lavender.jpg'),
(35, 'Student 8', 'Description for Student 8', '12234567891234', 'images/RosaAcicularis.jpg'),
(36, 'Student 9', 'Description for Student 9', '12234567891234', 'images/sunflower.jpg'),
(37, 'Student 10', 'Description for Student 10', '12234567891234', 'images/Tulip.jpg'),
(40, 'Mona', 'Mona', 'errrrrrrrrrr', 'uploads/dev.png'),
(42, 'mona', 'aaaaaa', 'aaaa', 'uploads/Screenshot from 2024-02-19 21-19-37.png');

--
-- Indexes for dumped tables
--

--
-- Indexes for table `students`
--
ALTER TABLE `students`
  ADD PRIMARY KEY (`id`);

--
-- AUTO_INCREMENT for dumped tables
--

--
-- AUTO_INCREMENT for table `students`
--
ALTER TABLE `students`
  MODIFY `id` int(11) NOT NULL AUTO_INCREMENT, AUTO_INCREMENT=43;
--
-- Database: `test`
--
CREATE DATABASE IF NOT EXISTS `test` DEFAULT CHARACTER SET utf8mb4 COLLATE utf8mb4_general_ci;
USE `test`;
COMMIT;

/*!40101 SET CHARACTER_SET_CLIENT=@OLD_CHARACTER_SET_CLIENT */;
/*!40101 SET CHARACTER_SET_RESULTS=@OLD_CHARACTER_SET_RESULTS */;
/*!40101 SET COLLATION_CONNECTION=@OLD_COLLATION_CONNECTION */;
